approach,N,train_rmse,train_mae,train_accuracy,test_rmse,test_mae,test_accuracy
Bincount Pivot,1,0.0,0.0,1.0,3.470790282512786,2.783533333333333,0.141
Bincount Pivot,2,1.2560739669470201e-15,8.881784197001252e-16,1.0,3.504474981785315,2.807271428571429,0.1662
Bincount Pivot,3,1.3807294645527456e-15,1.3322676295501878e-15,1.0,3.661496907287527,2.9714911764705882,0.1112
Bincount Pivot,4,4.5337322453708956e-15,3.757411048965764e-15,1.0,0.19069972615968558,0.1499696629213484,0.9815
Bincount Pivot,5,2.2781985442733393e-15,1.96787031114809e-15,1.0,0.18274972321441904,0.14732682193839183,0.9969
Bincount Pivot,6,6.377031283834189e-15,5.438019065897329e-15,1.0,5.528758605627797e-15,4.460563082003794e-15,1.0
Bincount Pivot,7,1.1049442325742876e-15,8.062320074723256e-16,1.0,3.706761506992276e-15,3.018203504683933e-15,1.0
